{
  "conditions": {
    "ip3_uM": 0.05,
    "ca_cyt_uM": 0.1
  },
  "states": [
    "n",
    "o",
    "a",
    "i1",
    "i2",
    "s"
  ],
  "dolan_table_s1_counts": {
    "n": 809,
    "o": 261,
    "a": 65,
    "i1": 167,
    "i2": 25,
    "s": 0
  },
  "dolan_fractions": [
    0.6096458176337604,
    0.1966842501883949,
    0.048982667671439335,
    0.12584777694046723,
    0.018839487565938208,
    0.0
  ],
  "our_equilibrium_fractions": [
    0.4464897466818607,
    0.10270610459155582,
    0.14175212615102945,
    0.13491887447352546,
    0.1362906805980244,
    0.03784246750400427
  ],
  "po_dolan": 0.06375282592313489,
  "po_our_equilibrium": 0.1378475239950821,
  "po4_dolan": 1.6519532804343057e-05,
  "po4_our_equilibrium": 0.0003610737188829417,
  "po4_ratio_eq_over_dolan": 21.857380784280643,
  "d_substate_dt_at_dolan_ic_counts_per_s": [
    58.30139947862358,
    -4911.849470234145,
    1891.2234439283345,
    65.0673142857143,
    31.496363636363636,
    2865.7609489051097
  ]
}