{
	"adp_range_uM": [
		1e-05,
		1000.0
	],
	"thr_range_nM": [
		1e-06,
		0.1
	],
	"grid_adp": 9,
	"grid_thr": 9,
	"length_sec": 200,
	"seed": 0,
	"observables": {
		"peak_ca_nM": {
			"min": 157.47813572456548,
			"max": 459.4265471050593,
			"argmax": [
				2,
				0
			],
			"argmin": [
				0,
				0
			]
		},
		"peak_ip3_nM": {
			"min": 50.094099413262484,
			"max": 304.99280416251526,
			"argmax": [
				8,
				8
			],
			"argmin": [
				0,
				0
			]
		},
		"tpeak_ca_s": {
			"min": 1.0,
			"max": 198.0,
			"argmax": [
				5,
				6
			],
			"argmin": [
				0,
				0
			]
		},
		"tpeak_ip3_s": {
			"min": 0.0,
			"max": 200.0,
			"argmax": [
				5,
				6
			],
			"argmin": [
				0,
				0
			]
		},
		"auc_ca_nMs": {
			"min": 7882.348057123881,
			"max": 62977.83128528729,
			"argmax": [
				8,
				8
			],
			"argmin": [
				0,
				0
			]
		}
	}
}