{
	"adp_range_uM": [
		0.0001,
		1.0
	],
	"thr_range_nM": [
		1e-06,
		0.001
	],
	"grid_adp": 9,
	"grid_thr": 9,
	"length_sec": 200,
	"seed": 0,
	"observables": {
		"peak_ca_nM": {
			"min": 157.47813572456548,
			"max": 460.8103620059781,
			"argmax": [
				4,
				0
			],
			"argmin": [
				0,
				0
			]
		},
		"peak_ip3_nM": {
			"min": 50.094099413262484,
			"max": 296.13638879663455,
			"argmax": [
				8,
				8
			],
			"argmin": [
				0,
				0
			]
		},
		"tpeak_ca_s": {
			"min": 1.0,
			"max": 196.0,
			"argmax": [
				8,
				0
			],
			"argmin": [
				0,
				0
			]
		},
		"tpeak_ip3_s": {
			"min": 0.0,
			"max": 200.0,
			"argmax": [
				8,
				6
			],
			"argmin": [
				0,
				0
			]
		},
		"auc_ca_nMs": {
			"min": 8000.387468172259,
			"max": 62651.80449463081,
			"argmax": [
				8,
				8
			],
			"argmin": [
				0,
				0
			]
		}
	}
}